RowKey,English,Lang1,Lang2,Lang3,Lang4
LoginButton,Login,Nyiga wano okutandika,,,
HeathCareType5,Use of disinfectants,Okozesa edagala elita obuwuka obtalabika,,,
HeathCareType4,Deworming,Okuta enjoka,,,
HeathCareType3,Administration of vitamins,Okujiwa vitamini,,,
HeathCareType2,Preventative (such as vaccinations),Okuzeyiza endwaade katugeze nga okuzigema,,,
HeathCareType1,Curative (treatment of a disease),Okujanjaba endwaade ,,,
DropDownPurchaseFrom4,Transporter,Owe byentambula,,,
DropDownPurchaseFrom3,Another farmer,Omulimi omulala,,,
DropDownPurchaseFrom2,Agro-vet,Omusawo,,,
DropDownPurchaseFrom1,Feed supplier,Atunda emere ye bisolo,,,
DropDownUnitType2,Number,Namba,,,
DropDownUnitType1,Kg,Kilo,,,
DropDownFeedType19,Silage,Sayirajji,,,
DropDownFeedType18,Pre-Mixes,Ebilungo,,,
DropDownFeedType17,Vitamins,vitamini,,,
DropDownFeedType16,Minerals,Ekilungo kyomunyu,,,
HeathCareType6,Herd visit/monitoring,Okwekebejja ebisol,,,
HealthProviderType1,Private animal health worker or veterinarian,Omusawo we bisolo atali wagavumenti,,,
HealthProviderType2,Government animal health worker veterinarian,Omusawo we bisolo wagavumenti,,,
MedicineType1,Drugs,Amakerenda/edagala,,,
PurchasedWaterFromType3,Neighbour / friend,Mulirwana/ Mulilaanwa/Mukwano gwo,,,
PurchasedWaterFromType2,Water company,Ekitongole kyamazzi,,,
PurchasedWaterFromType1,Mobile water seller,Abatunda ebidomola by mazzi/abatembeyi ba amazzi,,,
WaterPurchasedUnitType2,Cubic meter,Ekipimo Kya mazzi,,,
WaterPurchasedUnitType1,Litre,Liita,,,
HousingExpenseType3,Repairs or maintenance,Okudabiliza,,,
HousingExpenseType2,Expansion of existing housing,Okugaziya  enyumba ye bisolo eliwo,,,
DropDownFeedType15,Compounded Feeds (Non-Labelled Feeds),Emere entabule nga teliko buwandike,,,
HousingExpenseType1,New house construction,Okuzimba enyumba empya,,,
LabourType1,Permanent hired labourer,Abakozi abenkalakalira,,,
PruchaseFromType3,Agro-vet store,Eduuka lyedagala lyebisolo,,,
PruchaseFromType2,Government animal health worker veterinarian,Omusawo  webisolo owagovumenti,,,
PruchaseFromType1,Private animal health worker or veterinarian,Omusawo webisoliatali wagavumenti,,,
MedicineType4,Vitamins,Vitamini,,,
MedicineType3,Dewormers,Edagala lye njoka,,,
MedicineType2,Vaccinations,Okugema ,,,
LabourType2,Temporary hired labourer,Abakozi abatali  bankalakalira,,,
MembershipType1,Co-operative or group fees,"Sente ze kibiina ekyo bwegasi, ",,,
DropDownFeedType14,Compounded Feeds (Labelled Feeds),"Emere entabule, eliko obuwandike",,,
DropDownFeedType12,Cotton Seed Cake,Ekikamulo kya pamba,,,
PickerPigTypeTranslation,Select a Pig Type,Londako ekyika kye mbizi,,,
PickerEquipmentTypeTranslation,Select an Equipment Type,Londako ekyika kyebikozesebwa,,,
PickerAnimalTypeTranslation,Select a Animal Type,Londako ekyika kye ebisolo,,,
PickerMembershipTypeTranslation,Select a Membership,Londako obwa memba bwolina,,,
PickerServiceTypeTranslation,Select a Service Type,Londako ekyika kyo obuwerezza,,,
PickerHousingExpenseTranslation,Select an Expense,Londako ensasaanya yo,,,
PickerLabourTypeTranslation,Select a Labour Type,Londako ekyika kya bakozi,,,
PickerMedicineTypeTranslation,Select a Medicine Type,Londako ekyika kye dagala,,,
PickerProviderTranslation,Select a Provider,Londako  akuwa obuwerezza obwo,,,
PickerHealthCareTypeTranslation,Select a Care Type,Londako ekyika  kyo kolabilila embiizi,,,
PickerPurchasedFromTranslation,Select a Provider,Londako akuwa  obuwerezza obwo,,,
PickerFeedTypeTranslation,Select a Feed Type,Londako ekyika kyemere yebisolo,,,
PickerUnitTranslation,Unit,Ekipimo,,,
RegistrationSuccessfulContinueTranslation,Continue,Genda Mumaaso,,,
RegistrationSuccessfulDescTranslation,You can now begin collecting and storing your data,Oliwandembe okutandika oku kungaanya no kutereka ebiwandiko byo,,,
PickerSoldToTranslation,Select a Buyer,Londa omuguzi,,,
PickerPaymentTypeTranslation,Select a Payment Type,Londa  ensasula joyagala,,,
PickerClientTranslation,Select a Client,Londa kasitoma wo,,,
PickerGenderTranslation,Select a Gender,Londako ekikulakyo,,,
DropDownFeedType11,Sunflower Cake,Kikamulo kya e'ntungo enene,,,
DropDownFeedType10,Soybean Meal,Soyaa ensekule ,,,
DropDownFeedType9,Soybean Seed Cake,Kikamulo kya soyaa,,,
DropDownFeedType8,Ground Maize,Kasooli omukube,,,
DropDownFeedType7,Dried Brewers’ Grain,Ebikanjja ebikalu,,,
DropDownFeedType6,Wheat Gluten Feed,Ekimere kye' ngano,,,
DropDownFeedType5,Maize Gluten Feed,Ekimere kya kasooli,,,
DropDownFeedType13,Groundnut Cake,Ekikamulo kye e'binwyobwa,,,
DropDownFeedType4,Rice Bran,Kyakyu  w'omukyere,,,
DropDownFeedType2,Wheat Bran,Kyakyu w'engano,,,
DropDownFeedType1,Maize Bran,Kyakyu wa kasoli,,,
PickerCurrencyTranslation,Select a Currency,Londako ekyika kyasente,,,
PickerCountryTranslation,Select a Country,Londa ensi jova,,,
PickerSubCountyTranslation,Select a Sub County,Londa Egombolola jova,,,
PickerCountyTranslation,Select a County,Londa Esaaza jova ,,,
PickerDistrictTranslation,Select a District,Londa Distulikiti jova ,,,
DropDownFeedType3,Maize Germ,Obuweeke bya kasooli,,,
TimePeriodUnitType1,Months,Emyeezi,,,
TimePeriodUnitType2,Years,Emyaaka,,,
ServiceType1,Artificial insemination,Okuwakisa ebisolo,,,
CountryTypeRwanda,Rwanda,Rwanda,,,
CountryTypeVietnam,Vietnam,Ventinamu,,,
CountryTypeUganda,Uganda,Uganda,,,
LoanProviderType5,Club,Kibiina,,,
LoanProviderType4,Self-help group or savings,Ekibiina kyokukyaalo,,,
LoanProviderType3,Co-operative or group,Ekibina kyobwegasi,,,
LoanProviderType2,Bank,Banka,,,
LoanProviderType1,Micro-credit provider,Awola sente /Omuwozi wa sente,,,
AnimalPurchasedFromType4,Pig breeding company,Ekitongole ekiwakisa embizi,,,
AnimalPurchasedFromType3,Pig farmer,Omulunzi wembizi,,,
LoanProviderType6,Relatives or friends,Abo luganda lwange / Mikwano gwange,,,
AnimalPurchasedFromType2,Trader,Omusubuuzi,,,
AnimalType3,Young male / boar for breeding,Enume  ento nga yakulinyira enkazi,,,
AnimalType2,Gilt/Sow for breeding,Ebizzi endusi,,,
AnimalType1,Piglet(s) for fattening,Embizi endaawe/ezirindwa ngazakusala,,,
WhoProvidedServiceType3,Boar keeper,Omulunzi wa nume,,,
WhoProvidedServiceType2,Government artificial insemination service provider,Omusawo wagavument ajikuba amazzi ge nume/omusawo wagavument awakisa embiizi,,,
WhoProvidedServiceType1,Private artificial insemination service provider,Omusawo atali wagavument ajikuba amazzi ge nume/ Omusawo atali wagavument awakisa embiizi,,,
ServiceType2,Natural mating,Embiizi enume okuwakisa enkazi,,,
AnimalPurchasedFromType1,Market,Obutale ,,,
RegistrationSuccessfulTitleTranslation,Your Account Has Been Created,Accounta yo eggudwawo,,,
EquipmentType1,Feeding equipment,Ebikozesebwa muku ziwa emere,,,
EquipmentType3,Cleaning equipment,Ebikosesebwa mu kuyonja,,,
GenderType3,Other,Ebilala,,,
GenderType2,Female,Omukazi,,,
GenderType1,Male,Omusajja,,,
VolumeUnitType1,Kg,Kilo,,,
ClientType1,Pig farmer,Omolunzi wembizi,,,
PaymentType1,Piglet,Obubizi obuto,,,
EquipmentType2,Watering equipment,Ebifukirila amazzi,,,
BreedingServiceType1,Boar services,Obuwereza obwekusa ku nume ewakisa,,,
SoldToType2,Trader,Omusubuzi,,,
SoldToType3,Slaughter-house,Lufula,,,
SoldToType1,Other farmer,Mulunzi wambizi,,,
PigType4,Young male/boar for breeding,Enume yembizi ento/Enume eyo kuwakisa,,,
PigType3,Gilt/Sow for breeding,Ebizi endusi,,,
PigType2,Slaughter animal,Ebisolo ebyokusala,,,
PigType1,Piglet (for fattening),Embizi endawo/Ezilundibwa ngazakusala,,,
EquipmentType4,Animal tags,Obulamba ebisolo  kumatu,,,
GoogleSignUpTranslation,Sign up with Google,Wewandisizze kumutimbagano,,,
WebAuthDescTranslation,The Pig Economic Tool authenticates with Google to securely authenticate your account and keep your data safe.,,,,
WebAuthTitleTranslation,Sign Up,Wewandise kumukutu guno,,,
CostTrans,Cost,Sente zewasasula,,,
OtherAmountPurchaseTrans,Other Amount Purchased,Obunji bwe wagula obulala,,,
UnitTrans,Unit,Ekipimo,,,
AmountPurchasedTrans,Amount Purchased,Obunji bwe wagula,,,
OtherFeedTypeTrans,Other Feed Type,Ebika bye mere'bilala,,,
FeedTypeTrans,Feed Type,Ebika bye mere ,,,
DateObtainedTrans,Date Obtained,Enakuzomwezi  lwewabifuna,,,
AddFeedItemTrans,Add Feed Cost,Jjuzamu sente ze wabigula,,,
OtherPurchasedFromTranslation,Other Purchased From,Awalala jewagula,,,
PurchasedFromTranslation,Purchased From,jjewabigula/wabigulawa,,,
OtherAmountPurchasedUnitTranslation,Other unit,Ekipimo ekilala,,,
AmountPurchasedUnitTranslation,Amount Purchased,Obunji bwewagula ,,,
AmountPurchasedTranslation,Amount Purchased,Obunji bwewagula ,,,
OtherFeedTypeTranslation,Other Feed Type,Ebika ebirala ebye'mere yebisolo,,,
FeedTypeTranslation,Feed Type,Ebika bye'mere yebisolo,,,
TransportCostTrans,Transportation Cost,Entambula,,,
PurchasedFrom,Purchased From,Jjewabigula,,,
CommentTrans,Comment,Oyina kyogamba ,,,
FeedDurationTranslation,Feed use duration,Ebanga emere lyemala,,,
LabourDurationTranslation,Labour use duration,Ebanga abakoze lyebakola,,,
OtherCostsTranslation,Any Other Cost,Ensasanya endala yona,,,
OtherLaboutTypeTranslation,Other Labour Type,Ebika byabakozi ebirala,,,
LabourTypeTranslation,Labour Type,Ekyika kyabakozi,,,
LabourTitleTranslation,Labour,Abaakozi,,,
CostTranslation,Any other cost:,Ensasanya endala,,,
FeedItemTitleTranslation,Feed,Emere ye'bisolo,,,
OtherMedicineTypeTranslation,Other Medicine Type,Ebika byedagala ebilala ,,,
MedicineCostTranslation,Medicine Cost,Ensasaanya kudagala,,,
OtherProviderTranslation,Other provided service,Obuwerezza obulala,,,
ProviderTranslation,Who provided service,Ani akuwa obuwereza obwo,,,
HealthCareCostTranslation,Service Provider Cost,Obuwereza obwo bwasente meka,,,
OtherHealthCareTypeTranslation,Other Health Care Type,Obujanjabi obulala,,,
HealthCareTypeTranslation,Health Care Type,Ebika ebyo bujanjabi,,,
HealthCareTitleTranslation,Healthcare,Obujanjabi,,,
MedicineTypeTranslation,Medicine Type,Ebika bye dagala,,,
FinishTranslation,Finish,Maliliza,,,
StartTranslation,Start,Tandika,,,
DeleteTranslation,Delete,Ssangula,,,
Water,Water,Amazzi,,,
Housing,Housing,Enyumba,,,
Labour,Labour,Abakozi,,,
Healthcare,Healthcare,Ebyobulamu,,,
Feed,Feed,Emere  ye' bisolo,,,
Costs,Costs,Ensasaanya,,,
UploadDataTranslation,Upload,Sindika kumutimbagano,,,
Reproduction,Reproduction,Ebyo gwako no kuzaala,,,
RegistrationTranslation,Registration,Okwewandisa,,,
Home,Home,Awatandikilwa,,,
ViewReports,Reports,Alipota/obubaka,,,
EditData,View / Edit / Delete data,Byetegereze/Jamuensobi/ Bisangule wo,,,
AddData,Add Data,Yongerako Obubaka obulala,,,
DateLastUploaded,Data last uploaded,obuka bbwewasembayo okutekakko,,,
Village,Village,Ekyaalo,,,
Name,Name,Erinya,,,
FilterTranslation,Filter by:,Byawule okusinziraku,,,
HousingTitleTranslation,Housing,Enyumba,,,
Membership,Co-Operative / Group membership,Ekibiinna kyobwegasi,,,
OtherCostEvent,Other,Ebilala,,,
EditTranslation,Edit,Jamu ensobi,,,
ResetTranslation,Reset,Ddamu bupya,,,
SaveTranslation,Save,Bitereke ,,,
CommentTranslation,Comment,Bakokyogamba,,,
OtherCostTranslation,Any Other Cost,Ensasaanya endala,,,
TransportationCostTranslation,Transport Cost,Ensasaanya kubye'ntambula,,,
TotalCostTranslation,Total Cost,Gatta nsasaanya yona ,,,
Other,"Other, specify","Ebilala, biwandikawano.",,,
DateTranslation,Date,Enakuzomwezi,,,
OtherIncome,Other Income,Enyigiza yasente endala,,,
ManureSale,Sale of manure,Sente ezivvudde mukutunda Ebijimusa,,,
BreedingServiceSale,Sale of breeding services,Sente ezivvudde mukuwakisa Ebisolo,,,
PigSale,Sale of Pigs,Sente ezivvudde mukutunda Embizzi,,,
Income,Income,Enyingiza Ya sente,,,
LoanRepayment,Loan Repayment,Okusasula emabanja,,,
AnimalPurchase,Animal Purchase,Okugula Ebisolo,,,
Equipment,Equipment,Byetukozessa okkola Emirimu,,,
LanguageType5,Language,Olulimi lwoyogera,,,
HousingExpenseTranslation,Housing Expense,Ensasaanya kunyumba ye bisoolo,,,
YearsExpectedTranslation,Expected Housing Lifespan (Years),"Obuwangazi bwenyumba/Enyumba,Enawangala myaka emaka ",,,
NameTranslation,Name,Elinya,,,
UserNameTranslation,Username,Elinya lyo kozesa kumutimbagano,,,
RegistrationTitleTranslation,Registration,Okwewandisa,,,
TotalIncomeTranslation,Total Income,Omugatte gwasente zoyingizza ,,,
OtherIncomeTitleTranslation,Other Income,Sente endala zoyingizza,,,
VolumeSoldTranslation,Volume Sold,Watunda bunji kyi/ Bunji ki byo' tunda,,,
ManureSaleTitleTranslation,Sale of Manure,Entunda ye' ebijimusa,,,
OtherClientTranslation,Other Client,Omuguzi abalala,,,
ClientTranslation,Client,Omuguzzi,,,
PaymentValueTranslation,Value,Omuwendo,,,
PaymentTypeTranslation,Type,Ekika,,,
AnyOtherPaymentTranslation,Any Other Payment Received,Sente endala zebakusasula,,,
AmountRecievedTranslation,Amount received for all services,Sente zonna awamu e zobuwereza byoona,,,
NumberServicesTranslation,Number Services,Emirimu jjali emeka/ Obuwereza byali bya mirudi emeeka,,,
BreedingServiceSaleTitleTranslation,Sale of breeding services,Sente ezivvudde mukuwakisa Ebisolo,,,
EmailTranslation,Email,Elinya lyo kozesa ku emailo,,,
PhoneNumberTranslation,Phone Number,Esiimu yo,,,
DistrictTranslation,District,Disitulikiti yo,,,
CountyTranslation,County,Essaza,,,
LegalDisclaimerProceedTranslation,Proceed,Genda Mumaaso,,,
LegalDisclaimerAgreeTranslation,By checking this box you agree to the terms listed above,"Okuteka akasitale wano, kitegeeza okiriziganya ne'obukwakulizzo obuli mu mboozi yaffe",,,
LegalDisclaimerTitleTranslation,Legal Disclaimer,Tetuvunanyizibwa kwebyo ebiva mukozessa obubi omukutu guno,,,
WhereAreYouLocatedTranslation,Where Are You Located?,Obeelawa,,,
LanguageTranslation,Language,Olulimi,,,
GenderTranslation,Gender,Ekikula kyo,,,
BrokerageTranslation,Brokerage,Kayungirizi,,,
CurrencyTranslation,Currency,Ekika kye'sente,,,
SectorTranslation,Sector,Ekitongole ,,,
CommuneTranslation,Commune,Ekika kya'bantu gyobeera,,,
ProvinceTranslation,Province,Etundutundu jobela,,,
CountryTranslation,Country,Ensi,,,
VillageTranslation,Village,Ekyaalo,,,
ParishTranslation,Parish,Omuluka,,,
SubCountyTranslation,Sub County,Egombolola,,,
CellTranslation,Cell,Ekyaalo kyo,,,
OtherSoldToTranslation,Other Sold To,Bewaguzza abalala,,,
SoldToTranslation,Sold To,Bewaguzza,,,
OtherServiceTypeTranslation,Other service type,Ebika byobuwerezza ebilala,,,
ServiceTypeTranslation,Service type,Ebika byobuwerezza,,,
ReproductiveTitleTranslation,Reproduction,"Ebyekusa kugwako, ne'okuzzaala",,,
OtherWhatForTranslation,What for,Byaaki,,,
OtherCostTitleTranslation,Other,Ebilala,,,
TimePeriodTranslation,Time-period covered,Obudde bwebitutte,,,
OtherMembershipTypeTranslation,Other type,Ebika ebilala,,,
MembershipTypeTranslation,Membership type,Ekika kyo bwamemba ,,,
WaterDurationTranslation,Water use duration,Obudde bwomala nga okozessa amazzi,,,
OtherPurchasedWaterFromTranslation,Purchased From,Ngagula okuva,,,
PurchasedWaterFromTranslation,Who Purchased From,"Ani, agagula/ Ngagula okuva",,,
OtherWaterPurchasedTranslation,Other unit,Ekipimo ekilala,,,
WaterPurchasedTranslation,Water Purchased,Amazzi agagulwa,,,
WaterCostTitleTranslation,Water,Amazzi,,,
SliderControlTranslation,If new housing built (rather than maintenance) lifespan in years + expected salvage value at end ?,,,,
MembershipTitleTranslation,Co-Operative / Group membership,Ekibiinna kyobwegasi,,,
OtherHousingExpenseTranslation,Other Housing Expense,Ensasaanya endala kunyumba ye bisolo,,,
WhoProvidedServiceTranslation,Who Provided Service,Ani akuwa obuwereza obwo,,,
AnimalPurchaseTitleTranslation,Animal Purchase,Okugula Ebisolo,,,
NumberSoldTranslation,Number Sold,Watunda meka,,,
OtherPigTypeTranslation,Other Pig Type,Ebika bye mbizi ebilala,,,
PigTypeTranslation,Pig type,Ebika byembizi,,,
PigSaleTitleTranslation,Pig Sales,Okutunda embizi,,,
OtherEquipmentTypeTranslation,Other Equipment Type,Ebikozesebwa ebilala,,,
EquipmentTypeTranslation,Equipment Type,Ebika bye ebikozesebwa,,,
EquipmentTitleTranslation,Equipment,Ebikozesebwa,,,
OtherWhoProvidedServiceTranslation,Who Provided Service,Ani akuwa obuwereza obwo,,,
TotalAmountRepaidTranslation,Total Amount Paid,Omugatte gwasente zo sasula,,,
LoanProviderTranslation,Loan Provider,Ani akuwola sente,,,
LoanRepaymentTitleTranslation,Loan Repayment,Ensasula yasente zewewola,,,
OtherAnimalPurchasedTranslation,Purchased from,JJewabigula,,,
AnimalPurchasedFromTranslation,Purchased from,JJewabigula,,,
NumberPurchasedTranslation,Number purchased,Wagula bunji ki,,,
OtherAnimalTypeTranslation,Other Animal type,Ebika bye'bisolo,,,
AnimalTypeTranslation,Animal type,Ebika bye'bisolo,,,
OtherLoanProviderTranslation,Other Loan Provider,Abawola sente abalala/ bewewola ko sente abalala,,,
LanguageType6,Language,Olulimi ,,,
DropDownUnitType3,gram,Obuzito,,,
WatherDurationTranslation,Water Use Duration,Obudde bwomala nga okozessa amazzi,,,
SowsServicedCostTranslation,Total Service Cost,Omuggate gwosasula kubuwereza ,,,
TotalAnimalCosts,Total cost for all animals,Omugatte gwensasaanya kubisolo byona,,,
HealthProviderType3,Self,Nze,,,
HealthProviderType4,"Neighbour, friend, or relative","Mulilwana, mukwano gwo, owoluganda ",,,
VolumeUnitType2,Bag,Ensawo,,,
SaveHouseRecord,Housing record has been saved,Biterekeddwa ebiwandiko ebikwata kunyumba ze bisolo,,,
DeleteConfirmation,Deletion Confirmation,Bisanguddwa/Bijjiddwamu,,,
OK,OK,Kaale/Gendamumaso,,,
Cancel,Cancel,Togenda mumaso kukyikola/Tokyikola/SikkituFfu/Kijeeko/Kijeewo/Kijeemu,,,
DeleteVerify,Are you sure you want to Delete this item,Okakakasa oyagala kubijjamu,,,
Updated,Updated,Tugaseko ebipya  ,,,
Error,Error,Ensobi ekoledwa,,,
NoDate,Date obtained not provided,"Totademu naku,zamwezi lwewabifuna",,,
NoTotalCost,Total Cost Not Provided,Totaddemu omuggate gwa sente zewasasanya,,,
NoTransportationCost,Transportation Cost Not Provided,Totaddemu sente zewasasanya ku ntabula,,,
NoHousingExpense,Other Housing Expense Not Provided,"Totaddemu, Ensasanya endala ku nyumba ze bisolo",,,
NoAnimalType,Other Animal Type Not Provided,"Totaddemu, ebika bye ebisolo ebirala",,,
NoPurchasedFrom,Other Animal Purchased From Not Provided,"Totaddemu, ebisolo ebirala jjewagula/Totaddemu,  awala wewagula ebisolo ",,,
AnimalUpdated,Animal purchase record has been updated,Tugaseko ebiwandiko ebipya ebikwatagana mukugula ebisolo ,,,
AnimalSaved,Animal purchase has been saved,Biterekeddwa Ebyo kugula ebisolo ,,,
NoAmountRecevied,Amount Received Not Provided,Totaddemu sente zewafuna,,,
NoPaymentValue,Payment Value Not Provided,Totaddemu sente zewasasula,,,
NoServiceType,Other Service Type Not Provided,Totaddemu ebika byo obuwereza obulala,,,
NotOtherClient,Other Client Not Provided,Totaddemu bakasitoma abalala ,,,
BreedingSaved,Breeding service sale has been saved, Obuwerezza obwekusa ku no'kuwakisa buterekeddwa,,,
SaleSaved,Sale of reproductive services has been saved,Obuwerezza obwekusa kugwako no kuzzala buterekeddwa/ Entunda yo' obuwerezza obwekusa kugwako no kuzzala  eterekeddwa,,,
EquipmentUpdated,Equipment record has been updated,Tugaseko ebiwandiko ebipya ku bikozesebwa,,,
EquipmentSaved,Equipment record has been saved,Biterekeddwa ebikwata kubikozesebwa,,,
OtherEqNotProvided,Other Equipment Type Not Provided,Totaddemu ebika bye'bikozesebwa ebilala,,,
FeedUpdated,Feed record has been updated,Tugaseko ebiwandiko ebipya ku mere yebisolo,,,
FeedSaved,Feed item has been saved,Biterekedwa ebikwata ku mere yebisolo,,,
DurIsbefore,Duration Finish is before Duration Start,"Soka, otekemu obudde bwewamalirako, oddeko bwewatandikirako",,,
NoDurationStart,Duration Start Not Provided,Totaddemu obudde bwo' tandikiddeko,,,
NoDurationEnd,Duration Finish Not Provided,Totaddemu obudde bwo' malilideko,,,
OtherPurchasedUnitNotProvided,Other Amount Purchased Unit Not Provided,Totaddemu bipimo kubunji bwewagula,,,
NoOtherPurcFrom,Other Purchased From Not Provided,Totaddemu awalala jewabigula,,,
NoFeedType,Other Feed Type Not Provided,Totaddemu ebika ebirala ebye'mere yebisolo ,,,
HealthUpdated,Health care record has been updated,Tugaseko ebiwandiko ebipya ku byobulamu,,,
HealthSaved,Health care record has been saved,Biterekedwa ebikwata ku byobulamu,,,
NoOtherHealthCareYpe,Other Health Care Type Not Provided,Totaddemu ebika byobujjanjabi ebilala,,,
NoOtherProvider,Other Provider Not Provided,Totaddemu abawereza abalala ,,,
NoOtherMediceType,Other Medicine Type Not Provided,Totaddemu bika byadagla bilala,,,
NoMedicineCost,Medicine Cost Not Provided,Totaddemu nsasanya kudagala,,,
NoHealthCareCost,Health Care Cost Not Provided,Totaddemu nsasanya kubyobulamu,,,
NoDateProvided,Date not provided,Totaddemu naku zamwezzi,,,
RecordLabourUpdated,Labour Cost Record Update,Tugaseko ensasanya kubakozi,,,
RecordLabourCostSaved,Labour Cost Record Saved,"Ensasanya kubakozi Eterekeddwa, ",,,
AmountPaidNotProvided,Amount Paid Not Provided,Tottademu omuwendo gwewasasula,,,
NoOtherLabourType,Other Labour Type Not Provided,"Totaddemu bika byabakozi, ebilala",,,
LoanUpdated,Loan repayment record has been updated,Tugaseko ebipya kunsasula yamabanja,,,
LoanSaved,Loan repayment has been saved,Biterekeddwa ebipya kunsasula yamabanja,,,
NoTotalAmount,Total Amount Repaid Not Provided,Totaddemu muwendo gwe wakasasulako,,,
OtherUnitNotProvided,Other Unit Not Provided,Totaddemu epimo endala,,,
ManureUpdated,Manure sale record has been updated,Tugaseko ebipya kuntunda ye ebijimusa,,,
ManureSaved,Manure sale has been saved,Ebipya kuntunda ye ebijimusa Biterekeddwa ,,,
NoOtherSoldTo,Other Sold To Not Provided,Totaddemu abalala be waguza,,,
WaterCostUpdated,Water cost record has been updated,Tugaseko ensasaanya kumazzi,,,
MemberShipSaved,Membership has been saved,Biterekeddwa ebikwata kubwamemba bwo,,,
TimePeriodNotProvided,Time Period Not Provided,Totaddemu budde,,,
NoPeriodUnit,Time Period Unit Not Provided,Totaddemu ngeri jobazemu budde bwo,,,
NoOtherMemberShip,Other Membership Type Not Provided,Totaddemu bwamemba bwo obulala,,,
OtherCostUpdated,Other cost record has been updated,Tugaseko ebye'nsasanya endala,,,
OtherCostsSaved,Other Cost has been saved,Ensasanya endala eterekedwa,,,
OtherIncomeUpdated,Other income record has been updated,Tugaseko Ebye'nyingiza endala,,,
OtherIncomeSaved,Other income has been saved,Ebye'nyingiza endala biterekeddwa,,,
PigSaleUpdated,Pig sale record has been updated,Tugaseko ebipya kumbizi  ezatundwa,,,
PigSaleSaved,Pig sale has been saved,Ebye'mbizi sewatunda biterekeddwa,,,
NoSalePrice,Sale Price Not Provided,Totaddemu beyi jewatundi lako,,,
NoBrokerage,Brokerage Not Provided,Totaddemu  ebyakayungirizi,,,
NoOtherPigType,Other Pig Type Not Provided,Totaddemu ebika  ebilala ebye' mbizi,,,
ReproductionUpdated,Reproduction record has been updated,Tugaseko ebiwandiko ebipya ebyekusa kugwakko no' okuzaala,,,
ReproductionSaved,Reproduction record has been saved,Ebiwandiko ebyekusa kugwakko no' okuzaala bitrekeddwa,,,
NoSowsServiced,Sows Serviced Not Provided,"Totaddemu, mbizi enkazi zewawakisa",,,
NoOtherServiceProvider,Other Who Provided Service Not Provided,"Totademu, omulala eyakuwa obuwerezza buno ",,,
WaterSaved,Water record has been saved,Ebiwandiko bya' mazzi bitrekeddwa,,,
NoOtherPerson,Other Person Purchased From Not Provided,"Totademu, abalala bewagulako ",,,
About,About,Ebikwatagana ne,,,
NoCountry,Country Not Provided,Totaddemu  erinya lyensiyo jova,,,
LastData,Last Data Update: ,Lwewasemba yo'kutekakko ebipya,,,
Hello,Hello ,Abeenno,,,
Viilage,Village: ,Ekyaalo,,,
FailedToLoad,Failed to Load Item,Kyosindika Tekyigenze,,,
SendingData,Sending Data,Obubakka buli kusindikibwa,,,
NoUsername,Username Not provided,Totaddemu elinya lyo kozesa kuno,,,
NoName,Name Not provided,Totaddemu linya lyo,,,
NoPhoneNumber,Phone Number Not Provided,Totaddemu namba ya simu yo,,,
NoCurrency,Currency Not Provided,Totaddemu kyika kyasente,,,
DataUploaded,Data Uploaded!,Obubakka buwerezeddwa,,,
DataHasBeenUploaded,The Data has been uploaded,Obubakka buwerezeddwa,,,
Vitnamese,Vietnamese,Oluventinamu,,,
Swahili,Swahili,Oluswayiri,,,
English,English,Oluzungu,,,
Wait,Please Wait,Ojira olinda ko,,,
GoogleAuth,Google Auth Failed,Waliwo obuzibu,,,
TotalCost,Total Cost,Omugatte ogwensasaanya yona ,,,
TotalProfit,Total Profit,Omugatte ogwamagoba gona,,,
SomethingWrong,"Something went wrong, please try again later","Ddamu bupya waliwo ekitagenze bulunji, geezako oluvanyuma ",,,
YourChangesSaved,Your changes have been saved,"Tujikiriza, enkyuka,kyuka jokozze",,,
CurrencyType1,CurrencyType 1,,,,
CurrencyType2,CurrencyType 2,,,,
CurrencyType3,CurrencyType 3,,,,
CurrencyType4,CurrencyType 4,,,,
CurrencyType5,CurrencyType 5,,,,
CurrencyType6,CurrencyType 6,,,,
CurrencyType7,CurrencyType 7,,,,
CurrencyType8,CurrencyType 8,,,,
LanguageType1,English,,,,
LanguageType2,Lugunda,,,,
LanguageType3,Vietnamese,,,,
LanguageType4,Kinyarwanda ,,,,
LegalDisclaimerBodyTranslation,"Lorem ipsum dolor sit amet, consectetur adipiscing elit, sed do eiusmod tempor incididunt ut labore et dolore magna aliqua. Ut enim ad minim veniam, quis nostrud exercitation ullamco laboris nisi ut aliquip ex ea commodo consequat. Duis aute irure dolor in reprehenderit in voluptate velit esse cillum dolore eu fugiat nulla pariatur. Excepteur sint occaecat cupidatat non proident, sunt in culpa qui officia deserunt mollit anim id est laborum.",,,,
MembershipDurationTranslation,Membership duration,,,,
SubCountyType1,SubCountyType 1,,,,
SubCountyType2,SubCountyType 2,,,,
SubCountyType3,SubCountyType 3,,,,
SubCountyType4,SubCountyType 4,,,,
SubCountyType5,SubCountyType 5,,,,
SubCountyType6,SubCountyType 6,,,,
SubCountyType7,SubCountyType 7,,,,
SubCountyType8,SubCountyType 8,,,,
TotalAnimalCostsTranslation,Total cost for all animals,,,,
Created,Created,,,,
TotalCostAllUnits,Total Cost (all units),,,,
MedicineType5,Disinfectant,,,,
AmountPaidTranslation,Amount paid for piggery labour over the duration,Sente zosasula abakozi,,,
SalePriceTranslation,Sale price for all animals sold,Wabaguzza sente meka,,,
ManureAmountRecievedTranslation,Sale price for all manure sold,,,,
MembershipUpdated,Membership Updated,,,,
OtherUnitTypeTranslation,Other Unit Type,,,,
LastUploadTranslation,Last upload of data,,,,